Material_ID,Category,Material,Specification / Grade,Quality_Tier,Unit,Hyderabad_Low_INR,Hyderabad_Base_INR,Hyderabad_High_INR,India_Typical_INR,Wastage_%,GST_%,Rate_Date,Rate_Basis,Vendor_Quote_Required,IS_Code / Standard,Notes,Source_URL
HYD26-0001,Cement & Binders,OPC Cement,"43 Grade, 50 kg",Standard,bag,370.0,383.0,395.0,386.87,0.02,0.28,2026-08-12,Direct Aug-2026 market reference,NO,IS 8112,,https://infralens.in/prices/cement/hyderabad
HYD26-0002,Cement & Binders,OPC Cement,"53 Grade, 50 kg",Standard,bag,395.0,408.0,420.0,412.12,0.02,0.28,2026-08-12,Direct Aug-2026 market reference,NO,IS 12269,,https://infralens.in/prices/cement/hyderabad
HYD26-0003,Cement & Binders,PPC Cement,"Fly ash, 50 kg",Standard,bag,355.0,368.0,380.0,371.72,0.02,0.28,2026-08-12,Direct Aug-2026 market reference,NO,IS 1489,,https://infralens.in/prices/cement/hyderabad
HYD26-0004,Cement & Binders,PSC Cement,"Slag, 50 kg",Standard,bag,385.0,407.0,428.0,411.11,0.02,0.28,2026-08-12,Direct Aug-2026 market reference,NO,IS 455,,https://infralens.in/prices/cement/hyderabad
HYD26-0005,Cement & Binders,White Cement,General purpose,Premium,kg,19.0,23.0,27.0,23.23,0.03,0.28,2026-08-12,Direct Aug-2026 market reference,NO,,,https://infralens.in/prices/cement/hyderabad
HYD26-0006,Cement & Binders,Masonry Cement,General masonry,Economy,bag,268.0,335.0,402.0,338.38,0.05,0.18,2026-08-12,Derived estimating rate,NO,,,https://infralens.in/prices/hyderabad
HYD26-0007,Cement & Binders,Rapid Hardening Cement,50 kg,Premium,bag,384.0,480.0,576.0,484.85,0.05,0.18,2026-08-12,Derived estimating rate,NO,,,https://infralens.in/prices/hyderabad
HYD26-0008,Cement & Binders,Sulphate Resistant Cement,50 kg,Premium,bag,376.0,470.0,564.0,474.75,0.05,0.18,2026-08-12,Derived estimating rate,NO,,,https://infralens.in/prices/hyderabad
HYD26-0009,Cement & Binders,Low Heat Cement,50 kg,Premium,bag,364.0,455.0,546.0,459.6,0.05,0.18,2026-08-12,Derived estimating rate,NO,,,https://infralens.in/prices/hyderabad
HYD26-0010,Cement & Binders,Microfine Cement,Injection/grout,Premium,kg,30.4,38.0,45.6,38.38,0.05,0.18,2026-08-12,Derived estimating rate,NO,,,https://infralens.in/prices/hyderabad
HYD26-0011,Cement & Binders,Hydrated Lime,Building lime,Economy,kg,8.8,11.0,13.2,11.11,0.05,0.18,2026-08-12,Derived estimating rate,NO,,,https://infralens.in/prices/hyderabad
HYD26-0012,Cement & Binders,Gypsum Plaster,Ready-mix,Standard,kg,14.4,18.0,21.6,18.18,0.05,0.18,2026-08-12,Derived estimating rate,NO,,,https://infralens.in/prices/hyderabad
HYD26-0013,Steel & Metals,TMT Rebar,Fe500D 8 mm,Standard,kg,60.0,63.0,66.0,63.64,0.03,0.18,2026-08-12,Direct Aug-2026 market reference,NO,IS 1786,,https://infralens.in/prices/steel/hyderabad
HYD26-0014,Steel & Metals,TMT Rebar,Fe500D 10 mm,Standard,kg,59.0,62.0,65.0,62.63,0.03,0.18,2026-08-12,Direct Aug-2026 market reference,NO,IS 1786,,https://infralens.in/prices/steel/hyderabad
HYD26-0015,Steel & Metals,TMT Rebar,Fe500D 12 mm,Standard,kg,58.0,61.0,64.0,61.62,0.03,0.18,2026-08-12,Direct Aug-2026 market reference,NO,IS 1786,,https://infralens.in/prices/steel/hyderabad
HYD26-0016,Steel & Metals,TMT Rebar,Fe500D 16 mm,Standard,kg,57.0,60.0,63.0,60.61,0.03,0.18,2026-08-12,Direct Aug-2026 market reference,NO,IS 1786,,https://infralens.in/prices/steel/hyderabad
HYD26-0017,Steel & Metals,TMT Rebar,Fe500D 20 mm,Standard,kg,57.0,60.0,63.0,60.61,0.03,0.18,2026-08-12,Direct Aug-2026 market reference,NO,IS 1786,,https://infralens.in/prices/steel/hyderabad
HYD26-0018,Steel & Metals,TMT Rebar,Fe500D 25 mm,Standard,kg,48.0,60.0,72.0,60.61,0.05,0.18,2026-08-12,Derived estimating rate,NO,,,https://infralens.in/prices/steel/hyderabad
HYD26-0019,Steel & Metals,TMT Rebar,Fe550D 12 mm,Standard,kg,51.2,64.0,76.8,64.65,0.05,0.18,2026-08-12,Derived estimating rate,NO,,,https://infralens.in/prices/steel/hyderabad
HYD26-0020,Steel & Metals,Binding Wire,16–18 gauge,Standard,kg,54.4,68.0,81.6,68.69,0.05,0.18,2026-08-12,Derived estimating rate,NO,,,https://infralens.in/prices/steel/hyderabad
HYD26-0021,Steel & Metals,Structural Steel,ISMB/ISMC E250,Standard,kg,56.0,70.0,84.0,70.71,0.05,0.18,2026-08-12,Derived estimating rate,NO,,,https://infralens.in/prices/steel/hyderabad
HYD26-0022,Steel & Metals,MS Angle,ISA E250,Standard,kg,54.4,68.0,81.6,68.69,0.05,0.18,2026-08-12,Derived estimating rate,NO,,,https://infralens.in/prices/steel/hyderabad
HYD26-0023,Steel & Metals,MS Channel,ISMC E250,Standard,kg,56.0,70.0,84.0,70.71,0.05,0.18,2026-08-12,Derived estimating rate,NO,,,https://infralens.in/prices/steel/hyderabad
HYD26-0024,Steel & Metals,MS Flat,E250,Standard,kg,53.6,67.0,80.4,67.68,0.05,0.18,2026-08-12,Derived estimating rate,NO,,,https://infralens.in/prices/steel/hyderabad
HYD26-0025,Steel & Metals,MS Plate,6–12 mm,Standard,kg,55.2,69.0,82.8,69.7,0.05,0.18,2026-08-12,Derived estimating rate,NO,,,https://infralens.in/prices/steel/hyderabad
HYD26-0026,Steel & Metals,Chequered Plate,MS,Standard,kg,61.6,77.0,92.4,77.78,0.05,0.18,2026-08-12,Derived estimating rate,NO,,,https://infralens.in/prices/steel/hyderabad
HYD26-0027,Steel & Metals,GI Sheet,0.5–0.8 mm,Standard,kg,74.4,93.0,111.6,93.94,0.05,0.18,2026-08-12,Derived estimating rate,NO,,,https://infralens.in/prices/steel/hyderabad
HYD26-0028,Steel & Metals,GI Pipe Structural,Medium class,Standard,kg,76.0,95.0,114.0,95.96,0.05,0.18,2026-08-12,Derived estimating rate,NO,,,https://infralens.in/prices/steel/hyderabad
HYD26-0029,"Sand, Aggregate & Earth",River Sand,Washed,Standard,tonne,1500.0,1750.0,2000.0,1944.44,0.05,0.05,2026-08-12,Direct Aug-2026 market reference,NO,,,https://infralens.in/prices/aggregates/hyderabad
HYD26-0030,"Sand, Aggregate & Earth",M-Sand,Manufactured,Standard,tonne,1100.0,1250.0,1400.0,1388.89,0.05,0.05,2026-08-12,Direct Aug-2026 market reference,NO,,,https://infralens.in/prices/aggregates/hyderabad
HYD26-0031,"Sand, Aggregate & Earth",P-Sand,Plastering,Standard,tonne,1300.0,1500.0,1700.0,1666.67,0.05,0.05,2026-08-12,Direct Aug-2026 market reference,NO,,,https://infralens.in/prices/aggregates/hyderabad
HYD26-0032,"Sand, Aggregate & Earth",Coarse Aggregate,20 mm,Standard,tonne,909.0,1191.0,1473.0,1323.33,0.05,0.05,2026-08-12,Direct Aug-2026 market reference,NO,,,https://infralens.in/prices/aggregates/hyderabad
HYD26-0033,"Sand, Aggregate & Earth",Coarse Aggregate,10 mm,Standard,tonne,957.0,1240.0,1522.0,1377.78,0.05,0.05,2026-08-12,Direct Aug-2026 market reference,NO,,,https://infralens.in/prices/aggregates/hyderabad
HYD26-0034,"Sand, Aggregate & Earth",Coarse Aggregate,40 mm,Standard,tonne,805.0,1063.0,1320.0,1181.11,0.05,0.05,2026-08-12,Direct Aug-2026 market reference,NO,,,https://infralens.in/prices/aggregates/hyderabad
HYD26-0035,"Sand, Aggregate & Earth",Stone Dust,Crusher dust,Standard,tonne,649.0,826.0,1003.0,917.78,0.05,0.05,2026-08-12,Direct Aug-2026 market reference,NO,,,https://infralens.in/prices/aggregates/hyderabad
HYD26-0036,"Sand, Aggregate & Earth",Boulder Soling,40 mm+,Standard,tonne,711.0,942.0,1173.0,1046.67,0.05,0.05,2026-08-12,Direct Aug-2026 market reference,NO,,,https://infralens.in/prices/aggregates/hyderabad
HYD26-0037,"Sand, Aggregate & Earth",GSB,Grade 1,Standard,tonne,711.0,917.0,1123.0,1018.89,0.05,0.05,2026-08-12,Direct Aug-2026 market reference,NO,,,https://infralens.in/prices/aggregates/hyderabad
HYD26-0038,"Sand, Aggregate & Earth",Stone Chips,6 mm,Standard,tonne,1005.0,1265.0,1524.0,1405.56,0.05,0.05,2026-08-12,Direct Aug-2026 market reference,NO,,,https://infralens.in/prices/aggregates/hyderabad
HYD26-0039,"Sand, Aggregate & Earth",Selected Earth,Filling soil,Standard,m³,520.0,650.0,780.0,722.22,0.05,0.18,2026-08-12,Derived estimating rate,NO,,,https://infralens.in/prices/aggregates/hyderabad
HYD26-0040,"Sand, Aggregate & Earth",Murrum,Sub-base fill,Standard,m³,680.0,850.0,1020.0,944.44,0.05,0.18,2026-08-12,Derived estimating rate,NO,,,https://infralens.in/prices/aggregates/hyderabad
HYD26-0041,"Sand, Aggregate & Earth",Gravel,40–60 mm,Standard,m³,1320.0,1650.0,1980.0,1833.33,0.05,0.18,2026-08-12,Derived estimating rate,NO,,,https://infralens.in/prices/aggregates/hyderabad
HYD26-0042,"Sand, Aggregate & Earth",Washed Gravel,Decorative 10–20 mm,Standard,tonne,1320.0,1650.0,1980.0,1833.33,0.05,0.18,2026-08-12,Derived estimating rate,NO,,,https://infralens.in/prices/aggregates/hyderabad
HYD26-0043,Concrete & Precast,Ready-Mix Concrete,M20,Standard,m³,4342.0,4905.0,5468.0,5005.1,0.02,0.18,2026-08-12,Direct Aug-2026 market reference,NO,IS 456,,https://infralens.in/prices/concrete/hyderabad
HYD26-0044,Concrete & Precast,Ready-Mix Concrete,M25,Standard,m³,4860.0,5375.0,5889.0,5484.69,0.02,0.18,2026-08-12,Direct Aug-2026 market reference,NO,IS 456,,https://infralens.in/prices/concrete/hyderabad
HYD26-0045,Concrete & Precast,Ready-Mix Concrete,M30,Standard,m³,5280.0,5846.0,6411.0,5965.31,0.02,0.18,2026-08-12,Direct Aug-2026 market reference,NO,IS 456,,https://infralens.in/prices/concrete/hyderabad
HYD26-0046,Concrete & Precast,Ready-Mix Concrete,M35,Standard,m³,5800.0,6372.0,6943.0,6502.04,0.02,0.18,2026-08-12,Direct Aug-2026 market reference,NO,IS 456,,https://infralens.in/prices/concrete/hyderabad
HYD26-0047,Concrete & Precast,Ready-Mix Concrete,M40,Standard,m³,6200.0,6773.0,7345.0,6911.22,0.02,0.18,2026-08-12,Direct Aug-2026 market reference,NO,IS 456,,https://infralens.in/prices/concrete/hyderabad
HYD26-0048,Concrete & Precast,Ready-Mix Concrete,M10 lean,Standard,m³,3240.0,4050.0,4860.0,4132.65,0.05,0.18,2026-08-12,Derived estimating rate,NO,,,https://infralens.in/prices/concrete/hyderabad
HYD26-0049,Concrete & Precast,Ready-Mix Concrete,M15 PCC,Standard,m³,3560.0,4450.0,5340.0,4540.82,0.05,0.18,2026-08-12,Derived estimating rate,NO,,,https://infralens.in/prices/concrete/hyderabad
HYD26-0050,Concrete & Precast,Ready-Mix Concrete,M45,Standard,m³,5880.0,7350.0,8820.0,7500.0,0.05,0.18,2026-08-12,Derived estimating rate,NO,,,https://infralens.in/prices/concrete/hyderabad
HYD26-0051,Concrete & Precast,Ready-Mix Concrete,M50,Standard,m³,6320.0,7900.0,9480.0,8061.22,0.05,0.18,2026-08-12,Derived estimating rate,NO,,,https://infralens.in/prices/concrete/hyderabad
HYD26-0052,Concrete & Precast,Concrete Pumping,Boom/line pump,Standard,m³,240.0,300.0,360.0,306.12,0.05,0.18,2026-08-12,Derived estimating rate,NO,,,https://infralens.in/prices/concrete/hyderabad
HYD26-0053,Concrete & Precast,Precast RCC Kerb,Road kerb,Standard,rmt,304.0,380.0,456.0,387.76,0.05,0.18,2026-08-12,Derived estimating rate,NO,,,https://infralens.in/prices/hyderabad
HYD26-0054,Concrete & Precast,Precast Drain Cover,Medium duty,Standard,piece,520.0,650.0,780.0,663.27,0.05,0.18,2026-08-12,Derived estimating rate,NO,,,https://infralens.in/prices/hyderabad
HYD26-0055,Concrete & Precast,RCC Manhole Cover,Medium duty,Standard,piece,1120.0,1400.0,1680.0,1428.57,0.05,0.18,2026-08-12,Derived estimating rate,NO,,,https://infralens.in/prices/hyderabad
HYD26-0056,Concrete & Precast,RCC Compound Post,Standard,Standard,piece,480.0,600.0,720.0,612.24,0.05,0.18,2026-08-12,Derived estimating rate,NO,,,https://infralens.in/prices/hyderabad
HYD26-0057,"Bricks, Blocks & Masonry",Red Clay Brick,9×4×3 in,Standard,piece,9.0,11.0,12.0,11.46,0.05,0.12,2026-08-12,Direct Aug-2026 market reference,NO,,,https://infralens.in/prices/masonry/hyderabad
HYD26-0058,"Bricks, Blocks & Masonry",Fly Ash Brick,Standard,Standard,piece,5.0,6.0,7.0,6.25,0.05,0.12,2026-08-12,Direct Aug-2026 market reference,NO,,,https://infralens.in/prices/masonry/hyderabad
HYD26-0059,"Bricks, Blocks & Masonry",AAC Block,600×200×200,Standard,piece,59.0,77.0,95.0,80.21,0.05,0.12,2026-08-12,Direct Aug-2026 market reference,NO,,,https://infralens.in/prices/masonry/hyderabad
HYD26-0060,"Bricks, Blocks & Masonry",Solid Concrete Block,400×200×200,Standard,piece,39.0,50.0,61.0,52.08,0.05,0.12,2026-08-12,Direct Aug-2026 market reference,NO,,,https://infralens.in/prices/masonry/hyderabad
HYD26-0061,"Bricks, Blocks & Masonry",Hollow Concrete Block,400×200×200,Standard,piece,35.0,45.0,55.0,46.88,0.05,0.12,2026-08-12,Direct Aug-2026 market reference,NO,,,https://infralens.in/prices/masonry/hyderabad
HYD26-0062,"Bricks, Blocks & Masonry",AAC Block,600×200×100 / 4 in,Standard,piece,38.0,48.0,58.0,50.0,0.05,0.12,2026-08-12,Direct Aug-2026 market reference,NO,,,https://infralens.in/prices/masonry/hyderabad
HYD26-0063,"Bricks, Blocks & Masonry",AAC Block,600×200×150 / 6 in,Standard,piece,54.0,67.0,80.0,69.79,0.05,0.12,2026-08-12,Direct Aug-2026 market reference,NO,,,https://infralens.in/prices/masonry/hyderabad
HYD26-0064,"Bricks, Blocks & Masonry",CLC Block,6 in,Standard,piece,34.0,38.0,41.0,39.58,0.05,0.12,2026-08-12,Direct Aug-2026 market reference,NO,,,https://infralens.in/prices/masonry/hyderabad
HYD26-0065,"Bricks, Blocks & Masonry",Wire-cut Facing Brick,Premium,Standard,piece,14.4,18.0,21.6,18.75,0.05,0.18,2026-08-12,Derived estimating rate,NO,,,https://infralens.in/prices/masonry/hyderabad
HYD26-0066,"Bricks, Blocks & Masonry",Porotherm Block,8 in,Standard,piece,49.6,62.0,74.4,64.58,0.05,0.18,2026-08-12,Derived estimating rate,NO,,,https://infralens.in/prices/masonry/hyderabad
HYD26-0067,"Bricks, Blocks & Masonry",Porotherm Block,4 in,Standard,piece,33.6,42.0,50.4,43.75,0.05,0.18,2026-08-12,Derived estimating rate,NO,,,https://infralens.in/prices/masonry/hyderabad
HYD26-0068,"Bricks, Blocks & Masonry",Glass Block,190×190×80,Standard,piece,192.0,240.0,288.0,250.0,0.05,0.18,2026-08-12,Derived estimating rate,NO,,,https://infralens.in/prices/masonry/hyderabad
HYD26-0069,"Bricks, Blocks & Masonry",Laterite Block,Dressed,Standard,piece,36.0,45.0,54.0,46.88,0.05,0.18,2026-08-12,Derived estimating rate,NO,,,https://infralens.in/prices/masonry/hyderabad
HYD26-0070,"Bricks, Blocks & Masonry",AAC Jointing Mortar,Polymer modified,Standard,kg,10.4,13.0,15.6,13.54,0.05,0.18,2026-08-12,Derived estimating rate,NO,,,https://infralens.in/prices/masonry/hyderabad
HYD26-0071,"Tiles, Stone & Flooring",Vitrified Tile,600×600,Standard,sq ft,60.0,85.0,110.0,74.56,0.1,0.18,2026-08-12,Direct Aug-2026 market reference,NO,,,https://infralens.in/prices/tiles/hyderabad
HYD26-0072,"Tiles, Stone & Flooring",Ceramic Wall Tile,300×450,Standard,sq ft,42.0,64.0,85.0,56.14,0.1,0.18,2026-08-12,Direct Aug-2026 market reference,NO,,,https://infralens.in/prices/tiles/hyderabad
HYD26-0073,"Tiles, Stone & Flooring",Granite Slab,Standard polished,Standard,sq ft,55.0,78.0,100.0,68.42,0.1,0.18,2026-08-12,Direct Aug-2026 market reference,NO,,,https://infralens.in/prices/tiles/hyderabad
HYD26-0074,"Tiles, Stone & Flooring",Indian Marble,Standard,Standard,sq ft,150.0,190.0,230.0,166.67,0.1,0.18,2026-08-12,Direct Aug-2026 market reference,NO,,,https://infralens.in/prices/tiles/hyderabad
HYD26-0075,"Tiles, Stone & Flooring",Kota Stone,Standard,Standard,sq ft,35.0,43.0,50.0,37.72,0.1,0.18,2026-08-12,Direct Aug-2026 market reference,NO,,,https://infralens.in/prices/tiles/hyderabad
HYD26-0076,"Tiles, Stone & Flooring",Italian Marble,Statuario 20 mm,Standard,sq ft,338.0,603.0,868.0,528.95,0.1,0.18,2026-08-12,Direct Aug-2026 market reference,NO,,,https://infralens.in/prices/tiles/hyderabad
HYD26-0077,"Tiles, Stone & Flooring",Makrana Marble,White 20 mm,Standard,sq ft,146.0,339.0,532.0,297.37,0.1,0.18,2026-08-12,Direct Aug-2026 market reference,NO,,,https://infralens.in/prices/tiles/hyderabad
HYD26-0078,"Tiles, Stone & Flooring",Laminate Flooring,8 mm HDF,Standard,sq ft,56.0,96.0,135.0,84.21,0.1,0.18,2026-08-12,Direct Aug-2026 market reference,NO,,,https://infralens.in/prices/tiles/hyderabad
HYD26-0079,"Tiles, Stone & Flooring",SPC Vinyl Flooring,4 mm click-lock,Standard,sq ft,68.0,115.0,161.0,100.88,0.1,0.18,2026-08-12,Direct Aug-2026 market reference,NO,,,https://infralens.in/prices/tiles/hyderabad
HYD26-0080,"Tiles, Stone & Flooring",Cuddapah Black Stone,Polished,Standard,sq ft,24.0,38.0,52.0,33.33,0.1,0.18,2026-08-12,Direct Aug-2026 market reference,NO,,,https://infralens.in/prices/tiles/hyderabad
HYD26-0081,"Tiles, Stone & Flooring",Ceramic Floor Tile,Standard,Standard,sq ft,41.6,52.0,62.4,45.61,0.05,0.18,2026-08-12,Derived estimating rate,NO,,,https://infralens.in/prices/tiles/hyderabad
HYD26-0082,"Tiles, Stone & Flooring",Anti-skid Tile,Bathroom,Standard,sq ft,52.0,65.0,78.0,57.02,0.05,0.18,2026-08-12,Derived estimating rate,NO,,,https://infralens.in/prices/tiles/hyderabad
HYD26-0083,"Tiles, Stone & Flooring",Double-charge Vitrified,600/800 mm,Standard,sq ft,84.0,105.0,126.0,92.11,0.05,0.18,2026-08-12,Derived estimating rate,NO,,,https://infralens.in/prices/tiles/hyderabad
HYD26-0084,"Tiles, Stone & Flooring",GVT,Glazed vitrified,Standard,sq ft,92.0,115.0,138.0,100.88,0.05,0.18,2026-08-12,Derived estimating rate,NO,,,https://infralens.in/prices/tiles/hyderabad
HYD26-0085,"Tiles, Stone & Flooring",PGVT,Polished glazed,Standard,sq ft,108.0,135.0,162.0,118.42,0.05,0.18,2026-08-12,Derived estimating rate,NO,,,https://infralens.in/prices/tiles/hyderabad
HYD26-0086,"Tiles, Stone & Flooring",Full-body Vitrified,Heavy traffic,Standard,sq ft,140.0,175.0,210.0,153.51,0.05,0.18,2026-08-12,Derived estimating rate,NO,,,https://infralens.in/prices/tiles/hyderabad
HYD26-0087,"Tiles, Stone & Flooring",Large-format Vitrified,800×1600,Standard,sq ft,120.0,150.0,180.0,131.58,0.05,0.18,2026-08-12,Derived estimating rate,NO,,,https://infralens.in/prices/tiles/hyderabad
HYD26-0088,"Tiles, Stone & Flooring",Porcelain Tile,Premium,Standard,sq ft,180.0,225.0,270.0,197.37,0.05,0.18,2026-08-12,Derived estimating rate,NO,,,https://infralens.in/prices/tiles/hyderabad
HYD26-0089,"Tiles, Stone & Flooring",Tandur Limestone,Natural/honed,Standard,sq ft,38.4,48.0,57.6,42.11,0.05,0.18,2026-08-12,Derived estimating rate,NO,,,https://www.studiomatrx.org/guides/flooring-cost-hyderabad
HYD26-0090,"Tiles, Stone & Flooring",Premium Granite,Black Galaxy/Absolute Black,Standard,sq ft,144.0,180.0,216.0,157.89,0.05,0.18,2026-08-12,Derived estimating rate,NO,,,https://www.studiomatrx.org/guides/flooring-cost-hyderabad
HYD26-0091,"Wood, Boards & Laminates",Commercial Plywood,19 mm,Standard,sq ft,61.0,79.0,97.0,74.53,0.1,0.18,2026-08-12,Direct Aug-2026 market reference,NO,,,https://infralens.in/prices/wood/hyderabad
HYD26-0092,"Wood, Boards & Laminates",BWR Plywood,19 mm,Standard,sq ft,109.0,142.0,174.0,133.96,0.1,0.18,2026-08-12,Direct Aug-2026 market reference,NO,,,https://infralens.in/prices/wood/hyderabad
HYD26-0093,"Wood, Boards & Laminates",Marine Plywood,19 mm,Standard,sq ft,253.0,300.0,346.0,283.02,0.1,0.18,2026-08-12,Direct Aug-2026 market reference,NO,,,https://infralens.in/prices/wood/hyderabad
HYD26-0094,"Wood, Boards & Laminates",Laminate Sheet,General,Standard,sq ft,18.0,26.0,34.0,24.53,0.1,0.18,2026-08-12,Direct Aug-2026 market reference,NO,,,https://infralens.in/prices/wood/hyderabad
HYD26-0095,"Wood, Boards & Laminates",Teak Wood,Seasoned,Standard,cft,2678.0,3502.0,4326.0,3303.77,0.1,0.18,2026-08-12,Direct Aug-2026 market reference,NO,,,https://infralens.in/prices/wood/hyderabad
HYD26-0096,"Wood, Boards & Laminates",MDF Board,19 mm,Standard,sq ft,45.0,61.0,77.0,57.55,0.1,0.18,2026-08-12,Direct Aug-2026 market reference,NO,,,https://infralens.in/prices/wood/hyderabad
HYD26-0097,"Wood, Boards & Laminates",Block Board,19 mm,Standard,sq ft,65.0,89.0,112.0,83.96,0.1,0.18,2026-08-12,Direct Aug-2026 market reference,NO,,,https://infralens.in/prices/wood/hyderabad
HYD26-0098,"Wood, Boards & Laminates",Sal Wood,Seasoned,Standard,cft,1632.0,2244.0,2856.0,2116.98,0.1,0.18,2026-08-12,Direct Aug-2026 market reference,NO,,,https://infralens.in/prices/wood/hyderabad
HYD26-0099,"Wood, Boards & Laminates",Sheesham,Furniture grade,Standard,cft,1734.0,2499.0,3264.0,2357.55,0.1,0.18,2026-08-12,Direct Aug-2026 market reference,NO,,,https://infralens.in/prices/wood/hyderabad
HYD26-0100,"Wood, Boards & Laminates",Shuttering Plywood,12 mm film-faced,Standard,sq ft,52.0,65.0,78.0,61.32,0.05,0.18,2026-08-12,Derived estimating rate,NO,,,https://civilinfo.net/rates/timber-plywood/hyderabad/
HYD26-0101,"Wood, Boards & Laminates",Particle Board,18 mm,Standard,sq ft,34.4,43.0,51.6,40.57,0.05,0.18,2026-08-12,Derived estimating rate,NO,,,https://civilinfo.net/rates/timber-plywood/hyderabad/
HYD26-0102,"Wood, Boards & Laminates",WPC Board,18 mm,Standard,sq ft,102.4,128.0,153.6,120.75,0.05,0.18,2026-08-12,Derived estimating rate,NO,,,https://civilinfo.net/rates/timber-plywood/hyderabad/
HYD26-0103,"Wood, Boards & Laminates",HDF Board,8–12 mm,Standard,sq ft,68.0,85.0,102.0,80.19,0.05,0.18,2026-08-12,Derived estimating rate,NO,,,https://infralens.in/prices/wood/hyderabad
HYD26-0104,"Wood, Boards & Laminates",HDHMR Board,18 mm,Standard,sq ft,96.0,120.0,144.0,113.21,0.05,0.18,2026-08-12,Derived estimating rate,NO,,,https://infralens.in/prices/wood/hyderabad
HYD26-0105,"Wood, Boards & Laminates",Natural Veneer,Decorative,Standard,sq ft,76.0,95.0,114.0,89.62,0.05,0.18,2026-08-12,Derived estimating rate,YES,,,https://infralens.in/prices/wood/hyderabad
HYD26-0106,"Wood, Boards & Laminates",Acrylic Cabinet Sheet,High gloss,Standard,sq ft,176.0,220.0,264.0,207.55,0.05,0.18,2026-08-12,Derived estimating rate,YES,,,https://infralens.in/prices/wood/hyderabad
HYD26-0107,"Wood, Boards & Laminates",PVC Laminate,1.5 mm,Standard,sq ft,68.0,85.0,102.0,80.19,0.05,0.18,2026-08-12,Derived estimating rate,NO,,,https://infralens.in/prices/wood/hyderabad
HYD26-0108,"Wood, Boards & Laminates",Charcoal Panel,Decorative,Standard,sq ft,144.0,180.0,216.0,169.81,0.05,0.18,2026-08-12,Derived estimating rate,NO,,,https://infralens.in/prices/wood/hyderabad
HYD26-0109,"Doors, Windows, Glass & Facade",Plain Float Glass,5 mm,Standard,sq ft,33.0,41.0,48.0,41.84,0.08,0.18,2026-08-12,Direct Aug-2026 market reference,NO,,,https://infralens.in/prices/interiors/hyderabad
HYD26-0110,"Doors, Windows, Glass & Facade",Toughened Glass,8 mm,Standard,sq ft,84.0,105.0,125.0,107.14,0.08,0.18,2026-08-12,Direct Aug-2026 market reference,NO,,,https://infralens.in/prices/interiors/hyderabad
HYD26-0111,"Doors, Windows, Glass & Facade",Toughened Glass,12 mm,Standard,sq ft,120.0,150.0,179.0,153.06,0.08,0.18,2026-08-12,Direct Aug-2026 market reference,NO,,,https://infralens.in/prices/interiors/hyderabad
HYD26-0112,"Doors, Windows, Glass & Facade",DGU,5+12+5 argon,Standard,sq ft,221.0,271.0,321.0,276.53,0.08,0.18,2026-08-12,Direct Aug-2026 market reference,NO,,,https://infralens.in/prices/interiors/hyderabad
HYD26-0113,"Doors, Windows, Glass & Facade",Aluminium Section,Window profile,Standard,kg,291.0,338.0,385.0,344.9,0.08,0.18,2026-08-12,Direct Aug-2026 market reference,NO,,,https://infralens.in/prices/interiors/hyderabad
HYD26-0114,"Doors, Windows, Glass & Facade",uPVC Window Profile,2-track branded,Standard,sq ft,453.0,657.0,860.0,670.41,0.08,0.18,2026-08-12,Direct Aug-2026 market reference,NO,,,https://infralens.in/prices/interiors/hyderabad
HYD26-0115,"Doors, Windows, Glass & Facade",ACP Sheet,4 mm PVDF,Standard,sq ft,58.0,82.0,106.0,83.67,0.08,0.18,2026-08-12,Direct Aug-2026 market reference,NO,,,https://infralens.in/prices/interiors/hyderabad
HYD26-0116,"Doors, Windows, Glass & Facade",Flush Door,7×3 ft 35 mm BWR,Standard,piece,2157.0,2812.0,3467.0,2869.39,0.07,0.18,2026-08-12,Direct Aug-2026 market reference,NO,,,https://infralens.in/prices/doors/hyderabad
HYD26-0117,"Doors, Windows, Glass & Facade",WPC Door,7×3 ft,Standard,piece,1995.0,2836.0,3676.0,2893.88,0.07,0.18,2026-08-12,Direct Aug-2026 market reference,NO,,,https://infralens.in/prices/doors/hyderabad
HYD26-0118,"Doors, Windows, Glass & Facade",Teak Panel Door,7×3 ft,Standard,piece,12602.0,17853.0,23103.0,18217.35,0.07,0.18,2026-08-12,Direct Aug-2026 market reference,NO,,,https://infralens.in/prices/doors/hyderabad
HYD26-0119,"Doors, Windows, Glass & Facade",Sal Door Frame,7×3 ft,Standard,piece,2697.0,3853.0,5008.0,3931.63,0.07,0.18,2026-08-12,Direct Aug-2026 market reference,NO,,,https://infralens.in/prices/doors/hyderabad
HYD26-0120,"Doors, Windows, Glass & Facade",Float Glass,6 mm,Standard,sq ft,40.0,50.0,60.0,51.02,0.05,0.18,2026-08-12,Derived estimating rate,NO,,,https://infralens.in/prices/interiors/hyderabad
HYD26-0121,"Doors, Windows, Glass & Facade",Toughened Glass,10 mm,Standard,sq ft,104.0,130.0,156.0,132.65,0.05,0.18,2026-08-12,Derived estimating rate,NO,,,https://infralens.in/prices/interiors/hyderabad
HYD26-0122,"Doors, Windows, Glass & Facade",Toughened Glass,15 mm,Standard,sq ft,184.0,230.0,276.0,234.69,0.05,0.18,2026-08-12,Derived estimating rate,NO,,,https://infralens.in/prices/interiors/hyderabad
HYD26-0123,"Doors, Windows, Glass & Facade",Laminated Safety Glass,5+5 PVB,Standard,sq ft,240.0,300.0,360.0,306.12,0.05,0.18,2026-08-12,Derived estimating rate,YES,,,https://infralens.in/prices/interiors/hyderabad
HYD26-0124,"Doors, Windows, Glass & Facade",Low-E DGU,6+12+6,Standard,sq ft,336.0,420.0,504.0,428.57,0.05,0.18,2026-08-12,Derived estimating rate,YES,,,https://infralens.in/prices/interiors/hyderabad
HYD26-0125,"Doors, Windows, Glass & Facade",Aluminium Sliding Window,Installed standard,Standard,sq ft,520.0,650.0,780.0,663.27,0.05,0.18,2026-08-12,Derived estimating rate,YES,,,https://infralens.in/prices/interiors/hyderabad
HYD26-0126,"Doors, Windows, Glass & Facade",Slim Aluminium Window,Premium,Standard,sq ft,840.0,1050.0,1260.0,1071.43,0.05,0.18,2026-08-12,Derived estimating rate,YES,,,https://infralens.in/prices/interiors/hyderabad
HYD26-0127,"Doors, Windows, Glass & Facade",Thermal-break Aluminium,DGU system,Standard,sq ft,1360.0,1700.0,2040.0,1734.69,0.05,0.18,2026-08-12,Derived estimating rate,YES,,,https://infralens.in/prices/interiors/hyderabad
HYD26-0128,"Doors, Windows, Glass & Facade",uPVC DGU Window,Premium,Standard,sq ft,800.0,1000.0,1200.0,1020.41,0.05,0.18,2026-08-12,Derived estimating rate,YES,,,https://infralens.in/prices/interiors/hyderabad
HYD26-0129,Paints & Surface Finishes,Interior Emulsion,Standard,Standard,litre,180.0,268.0,355.0,273.47,0.1,0.18,2026-08-12,Direct Aug-2026 market reference,NO,,,https://infralens.in/prices/paint/hyderabad
HYD26-0130,Paints & Surface Finishes,Exterior Emulsion,Weathercoat,Standard,litre,223.0,316.0,408.0,322.45,0.1,0.18,2026-08-12,Direct Aug-2026 market reference,NO,,,https://infralens.in/prices/paint/hyderabad
HYD26-0131,Paints & Surface Finishes,Wall Primer,Water-based,Standard,litre,80.0,109.0,138.0,111.22,0.1,0.18,2026-08-12,Direct Aug-2026 market reference,NO,,,https://infralens.in/prices/paint/hyderabad
HYD26-0132,Paints & Surface Finishes,Wall Putty,White cement,Standard,kg,17.0,22.0,27.0,22.45,0.1,0.18,2026-08-12,Direct Aug-2026 market reference,NO,,,https://infralens.in/prices/paint/hyderabad
HYD26-0133,Paints & Surface Finishes,Enamel Paint,Metal/wood,Standard,litre,237.0,306.0,374.0,312.24,0.1,0.18,2026-08-12,Direct Aug-2026 market reference,NO,,,https://infralens.in/prices/paint/hyderabad
HYD26-0134,Paints & Surface Finishes,Luxury Interior Emulsion,Premium,Standard,litre,378.0,562.0,746.0,573.47,0.1,0.18,2026-08-12,Direct Aug-2026 market reference,NO,,,https://infralens.in/prices/paint/hyderabad
HYD26-0135,Paints & Surface Finishes,Premium Exterior Coating,Premium,Standard,litre,451.0,555.0,659.0,566.33,0.1,0.18,2026-08-12,Direct Aug-2026 market reference,NO,,,https://infralens.in/prices/paint/hyderabad
HYD26-0136,Paints & Surface Finishes,Economy Emulsion,Entry tier,Standard,litre,136.0,201.0,266.0,205.1,0.1,0.18,2026-08-12,Direct Aug-2026 market reference,NO,,,https://infralens.in/prices/paint/hyderabad
HYD26-0137,Paints & Surface Finishes,Distemper,Economy,Standard,litre,63.0,94.0,124.0,95.92,0.1,0.18,2026-08-12,Direct Aug-2026 market reference,NO,,,https://infralens.in/prices/paint/hyderabad
HYD26-0138,Paints & Surface Finishes,Texture Paint,Decorative,Standard,kg,84.0,105.0,126.0,107.14,0.05,0.18,2026-08-12,Derived estimating rate,NO,,,https://infralens.in/prices/paint/hyderabad
HYD26-0139,Paints & Surface Finishes,Acrylic Putty,Ready mix,Standard,kg,25.6,32.0,38.4,32.65,0.05,0.18,2026-08-12,Derived estimating rate,NO,,,https://infralens.in/prices/paint/hyderabad
HYD26-0140,Paints & Surface Finishes,Red Oxide Primer,Metal,Standard,litre,200.0,250.0,300.0,255.1,0.05,0.18,2026-08-12,Derived estimating rate,NO,,,https://infralens.in/prices/paint/hyderabad
HYD26-0141,Paints & Surface Finishes,Zinc Chromate Primer,Metal,Standard,litre,288.0,360.0,432.0,367.35,0.05,0.18,2026-08-12,Derived estimating rate,NO,,,https://infralens.in/prices/paint/hyderabad
HYD26-0142,Paints & Surface Finishes,PU Wood Polish,2K,Standard,litre,520.0,650.0,780.0,663.27,0.05,0.18,2026-08-12,Derived estimating rate,YES,,,https://infralens.in/prices/paint/hyderabad
HYD26-0143,Paints & Surface Finishes,Melamine Polish,Wood,Standard,litre,416.0,520.0,624.0,530.61,0.05,0.18,2026-08-12,Derived estimating rate,YES,,,https://infralens.in/prices/paint/hyderabad
HYD26-0144,Waterproofing & Chemicals,Waterproofing Chemical,Dr Fixit/SikaTop class,Standard,litre,121.0,171.0,221.0,172.73,0.08,0.18,2026-08-12,Direct Aug-2026 market reference,NO,,,https://infralens.in/prices/waterproofing/hyderabad
HYD26-0145,Waterproofing & Chemicals,APP Membrane,3 mm,Standard,m²,119.0,156.0,193.0,157.58,0.08,0.18,2026-08-12,Direct Aug-2026 market reference,NO,,,https://infralens.in/prices/waterproofing/hyderabad
HYD26-0146,Waterproofing & Chemicals,Integral Admixture,LW+ class,Standard,kg,75.0,113.0,151.0,114.14,0.08,0.18,2026-08-12,Direct Aug-2026 market reference,NO,,,https://infralens.in/prices/waterproofing/hyderabad
HYD26-0147,Waterproofing & Chemicals,Roof Coating,Acrylic,Standard,litre,145.0,205.0,265.0,207.07,0.08,0.18,2026-08-12,Direct Aug-2026 market reference,NO,,,https://infralens.in/prices/waterproofing/hyderabad
HYD26-0148,Waterproofing & Chemicals,Exterior Waterproof Coating,Raincoat class,Standard,litre,382.0,517.0,651.0,522.22,0.08,0.18,2026-08-12,Direct Aug-2026 market reference,NO,,,https://infralens.in/prices/waterproofing/hyderabad
HYD26-0149,Waterproofing & Chemicals,Polymeric Waterproofing,Nitoproof class,Standard,litre,169.0,239.0,309.0,241.41,0.08,0.18,2026-08-12,Direct Aug-2026 market reference,NO,,,https://infralens.in/prices/waterproofing/hyderabad
HYD26-0150,Waterproofing & Chemicals,Cementitious Waterproofing,Brushbond class,Standard,kg,70.0,101.0,131.0,102.02,0.08,0.18,2026-08-12,Direct Aug-2026 market reference,NO,,,https://infralens.in/prices/waterproofing/hyderabad
HYD26-0151,Waterproofing & Chemicals,Crystalline Waterproofing,Top Seal class,Standard,kg,95.0,138.0,180.0,139.39,0.08,0.18,2026-08-12,Direct Aug-2026 market reference,NO,,,https://infralens.in/prices/waterproofing/hyderabad
HYD26-0152,Waterproofing & Chemicals,PU Liquid Membrane,1-component,Standard,kg,266.0,376.0,485.0,379.8,0.08,0.18,2026-08-12,Direct Aug-2026 market reference,NO,,,https://infralens.in/prices/waterproofing/hyderabad
HYD26-0153,Waterproofing & Chemicals,Bituminous Coating,General,Standard,kg,72.0,102.0,132.0,103.03,0.08,0.18,2026-08-12,Direct Aug-2026 market reference,NO,,,https://infralens.in/prices/waterproofing/hyderabad
HYD26-0154,Waterproofing & Chemicals,APP Membrane,4 mm polyester,Standard,m²,184.0,230.0,276.0,232.32,0.05,0.18,2026-08-12,Derived estimating rate,NO,,,https://infralens.in/prices/waterproofing/hyderabad
HYD26-0155,Waterproofing & Chemicals,HDPE Membrane,1.0 mm,Standard,m²,176.0,220.0,264.0,222.22,0.05,0.18,2026-08-12,Derived estimating rate,NO,,,https://infralens.in/prices/waterproofing/hyderabad
HYD26-0156,Waterproofing & Chemicals,EPDM Membrane,1.2 mm,Standard,m²,520.0,650.0,780.0,656.57,0.05,0.18,2026-08-12,Derived estimating rate,YES,,,https://infralens.in/prices/waterproofing/hyderabad
HYD26-0157,Waterproofing & Chemicals,PVC/TPO Membrane,1.5 mm,Standard,m²,760.0,950.0,1140.0,959.6,0.05,0.18,2026-08-12,Derived estimating rate,YES,,,https://infralens.in/prices/waterproofing/hyderabad
HYD26-0158,Waterproofing & Chemicals,PU Sealant,600 ml,Standard,piece,336.0,420.0,504.0,424.24,0.05,0.18,2026-08-12,Derived estimating rate,NO,,,https://infralens.in/prices/waterproofing/hyderabad
HYD26-0159,Waterproofing & Chemicals,Polysulphide Sealant,2 part,Standard,kg,416.0,520.0,624.0,525.25,0.05,0.18,2026-08-12,Derived estimating rate,YES,,,https://infralens.in/prices/waterproofing/hyderabad
HYD26-0160,Plumbing & Sanitary,CPVC Pipe,15 mm,Standard,metre,44.0,54.0,64.0,55.1,0.05,0.18,2026-08-12,Direct Aug-2026 market reference,NO,,,https://infralens.in/prices/plumbing/hyderabad
HYD26-0161,Plumbing & Sanitary,SWR PVC Pipe,110 mm,Standard,metre,280.0,330.0,380.0,336.73,0.05,0.18,2026-08-12,Direct Aug-2026 market reference,NO,,,https://infralens.in/prices/plumbing/hyderabad
HYD26-0162,Plumbing & Sanitary,GI Pipe,25 mm,Standard,metre,200.0,252.0,304.0,257.14,0.05,0.18,2026-08-12,Direct Aug-2026 market reference,NO,,,https://infralens.in/prices/plumbing/hyderabad
HYD26-0163,Plumbing & Sanitary,Water Tank,1000 L,Standard,piece,5408.0,6448.0,7488.0,6579.59,0.05,0.18,2026-08-12,Direct Aug-2026 market reference,NO,,,https://infralens.in/prices/plumbing/hyderabad
HYD26-0164,Plumbing & Sanitary,CPVC Pipe,20 mm branded,Standard,metre,59.0,74.0,90.0,75.51,0.05,0.18,2026-08-12,Direct Aug-2026 market reference,NO,,,https://infralens.in/prices/plumbing/hyderabad
HYD26-0165,Plumbing & Sanitary,uPVC Pipe,25 mm,Standard,metre,37.0,46.0,55.0,46.94,0.05,0.18,2026-08-12,Direct Aug-2026 market reference,NO,,,https://infralens.in/prices/plumbing/hyderabad
HYD26-0166,Plumbing & Sanitary,PPR Pipe,25 mm,Standard,metre,57.0,71.0,84.0,72.45,0.05,0.18,2026-08-12,Direct Aug-2026 market reference,NO,,,https://infralens.in/prices/plumbing/hyderabad
HYD26-0167,Plumbing & Sanitary,GI Pipe,20 mm Class B,Standard,metre,160.0,202.0,244.0,206.12,0.05,0.18,2026-08-12,Direct Aug-2026 market reference,NO,,,https://infralens.in/prices/plumbing/hyderabad
HYD26-0168,Plumbing & Sanitary,Wall-hung WC,Premium,Standard,piece,24336.0,29016.0,33696.0,29608.16,0.05,0.18,2026-08-12,Direct Aug-2026 market reference,NO,,,https://infralens.in/prices/plumbing/hyderabad
HYD26-0169,Plumbing & Sanitary,One-piece WC,Mid-range,Standard,piece,9734.0,11606.0,13478.0,11842.86,0.05,0.18,2026-08-12,Direct Aug-2026 market reference,NO,,,https://infralens.in/prices/plumbing/hyderabad
HYD26-0170,Plumbing & Sanitary,Floor WC,Standard,Standard,piece,7464.0,9010.0,10555.0,9193.88,0.05,0.18,2026-08-12,Direct Aug-2026 market reference,NO,,,https://infralens.in/prices/plumbing/hyderabad
HYD26-0171,Plumbing & Sanitary,Basin Faucet,Mid-range,Standard,piece,4326.0,5158.0,5990.0,5263.27,0.05,0.18,2026-08-12,Direct Aug-2026 market reference,NO,,,https://infralens.in/prices/plumbing/hyderabad
HYD26-0172,Plumbing & Sanitary,Basin Faucet,Premium,Standard,piece,9734.0,11606.0,13478.0,11842.86,0.05,0.18,2026-08-12,Direct Aug-2026 market reference,NO,,,https://infralens.in/prices/plumbing/hyderabad
HYD26-0173,Plumbing & Sanitary,Wash Basin,Counter-top,Standard,piece,2189.0,3357.0,4524.0,3425.51,0.05,0.18,2026-08-12,Direct Aug-2026 market reference,NO,,,https://infralens.in/prices/plumbing/hyderabad
HYD26-0174,Plumbing & Sanitary,Water Tank,1000 L 3-layer,Standard,piece,6490.0,7738.0,8986.0,7895.92,0.05,0.18,2026-08-12,Direct Aug-2026 market reference,NO,,,https://infralens.in/prices/plumbing/hyderabad
HYD26-0175,Plumbing & Sanitary,CPVC Pipe,25 mm,Standard,metre,84.0,105.0,126.0,107.14,0.05,0.18,2026-08-12,Derived estimating rate,NO,,,https://infralens.in/prices/plumbing/hyderabad
HYD26-0176,Plumbing & Sanitary,CPVC Pipe,32 mm,Standard,metre,132.0,165.0,198.0,168.37,0.05,0.18,2026-08-12,Derived estimating rate,NO,,,https://infralens.in/prices/plumbing/hyderabad
HYD26-0177,Plumbing & Sanitary,SWR PVC Pipe,75 mm,Standard,metre,176.0,220.0,264.0,224.49,0.05,0.18,2026-08-12,Derived estimating rate,NO,,,https://infralens.in/prices/plumbing/hyderabad
HYD26-0178,Plumbing & Sanitary,HDPE Pipe,32 mm PE100,Standard,metre,68.0,85.0,102.0,86.73,0.05,0.18,2026-08-12,Derived estimating rate,NO,,,https://infralens.in/prices/plumbing/hyderabad
HYD26-0179,Plumbing & Sanitary,HDPE Pipe,63 mm PE100,Standard,metre,168.0,210.0,252.0,214.29,0.05,0.18,2026-08-12,Derived estimating rate,NO,,,https://infralens.in/prices/plumbing/hyderabad
HYD26-0180,Electrical,Copper Wire,1.0 sqmm FR,Standard,metre,16.0,22.0,27.0,22.68,0.05,0.18,2026-08-12,Direct Aug-2026 market reference,NO,,,https://infralens.in/prices/electrical/hyderabad
HYD26-0181,Electrical,Copper Wire,2.5 sqmm FR,Standard,metre,44.0,55.0,65.0,56.7,0.05,0.18,2026-08-12,Direct Aug-2026 market reference,NO,,,https://infralens.in/prices/electrical/hyderabad
HYD26-0182,Electrical,MCB,16A SP,Standard,piece,121.0,171.0,221.0,176.29,0.05,0.18,2026-08-12,Direct Aug-2026 market reference,NO,,,https://infralens.in/prices/electrical/hyderabad
HYD26-0183,Electrical,Modular Plate,6M,Standard,piece,179.0,266.0,352.0,274.23,0.05,0.18,2026-08-12,Direct Aug-2026 market reference,NO,,,https://infralens.in/prices/electrical/hyderabad
HYD26-0184,Electrical,LED Bulb,9W,Standard,piece,58.0,90.0,121.0,92.78,0.05,0.18,2026-08-12,Direct Aug-2026 market reference,NO,,,https://infralens.in/prices/electrical/hyderabad
HYD26-0185,Electrical,Copper Wire,1.5 sqmm branded,Standard,metre,28.0,34.0,40.0,35.05,0.05,0.18,2026-08-12,Direct Aug-2026 market reference,NO,,,https://infralens.in/prices/electrical/hyderabad
HYD26-0186,Electrical,Copper Wire,2.5 sqmm premium,Standard,metre,52.0,59.0,65.0,60.82,0.05,0.18,2026-08-12,Direct Aug-2026 market reference,NO,,,https://infralens.in/prices/electrical/hyderabad
HYD26-0187,Electrical,Copper Wire,2.5 sqmm FRLS premium,Standard,metre,56.0,70.0,84.0,72.16,0.05,0.18,2026-08-12,Direct Aug-2026 market reference,NO,,,https://infralens.in/prices/electrical/hyderabad
HYD26-0188,Electrical,Modular Switch,Premium 6A,Standard,piece,321.0,477.0,633.0,491.75,0.05,0.18,2026-08-12,Direct Aug-2026 market reference,NO,,,https://infralens.in/prices/electrical/hyderabad
HYD26-0189,Electrical,Modular Switch,Economy 6A,Standard,piece,125.0,186.0,246.0,191.75,0.05,0.18,2026-08-12,Direct Aug-2026 market reference,NO,,,https://infralens.in/prices/electrical/hyderabad
HYD26-0190,Electrical,MCB,32A SP branded,Standard,piece,182.0,257.0,331.0,264.95,0.05,0.18,2026-08-12,Direct Aug-2026 market reference,NO,,,https://infralens.in/prices/electrical/hyderabad
HYD26-0191,Electrical,Ceiling Fan,48 in,Standard,piece,3927.0,5833.0,7739.0,6013.4,0.05,0.18,2026-08-12,Direct Aug-2026 market reference,NO,,,https://infralens.in/prices/electrical/hyderabad
HYD26-0192,Electrical,LED Bulb,9W branded,Standard,piece,81.0,125.0,169.0,128.87,0.05,0.18,2026-08-12,Direct Aug-2026 market reference,NO,,,https://infralens.in/prices/electrical/hyderabad
HYD26-0193,Electrical,Modular Switch,1-way 6A,Standard,piece,46.0,93.0,139.0,95.88,0.05,0.18,2026-08-12,Direct Aug-2026 market reference,NO,,,https://infralens.in/prices/electrical/hyderabad
HYD26-0194,Electrical,Modular Socket,6/16A,Standard,piece,100.0,208.0,316.0,214.43,0.05,0.18,2026-08-12,Direct Aug-2026 market reference,NO,,,https://infralens.in/prices/electrical/hyderabad
HYD26-0195,Electrical,Copper Wire,4 sqmm FRLS,Standard,metre,73.6,92.0,110.4,94.85,0.05,0.18,2026-08-12,Derived estimating rate,NO,,,https://infralens.in/prices/electrical/hyderabad
HYD26-0196,Electrical,Copper Wire,6 sqmm FRLS,Standard,metre,108.0,135.0,162.0,139.18,0.05,0.18,2026-08-12,Derived estimating rate,NO,,,https://infralens.in/prices/electrical/hyderabad
HYD26-0197,Electrical,Copper Wire,10 sqmm FRLS,Standard,metre,188.0,235.0,282.0,242.27,0.05,0.18,2026-08-12,Derived estimating rate,NO,,,https://infralens.in/prices/electrical/hyderabad
HYD26-0198,Electrical,PVC Conduit,20 mm heavy,Standard,metre,30.4,38.0,45.6,39.18,0.05,0.18,2026-08-12,Derived estimating rate,NO,,,https://infralens.in/prices/electrical/hyderabad
HYD26-0199,Electrical,PVC Conduit,25 mm heavy,Standard,metre,41.6,52.0,62.4,53.61,0.05,0.18,2026-08-12,Derived estimating rate,NO,,,https://infralens.in/prices/electrical/hyderabad
HYD26-0200,"Roofing, Ceiling & Insulation",Gypsum Board,12.5 mm regular,Standard,sq ft,14.0,19.0,23.0,19.19,0.1,0.18,2026-08-12,Direct Aug-2026 market reference,NO,,,https://infralens.in/prices/interiors/hyderabad
HYD26-0201,"Roofing, Ceiling & Insulation",Gypsum Board,Moisture resistant,Standard,sq ft,24.0,30.0,36.0,30.3,0.05,0.18,2026-08-12,Derived estimating rate,NO,,,https://infralens.in/prices/interiors/hyderabad
HYD26-0202,"Roofing, Ceiling & Insulation",Gypsum Board,Fire resistant,Standard,sq ft,30.4,38.0,45.6,38.38,0.05,0.18,2026-08-12,Derived estimating rate,NO,,,https://infralens.in/prices/interiors/hyderabad
HYD26-0203,"Roofing, Ceiling & Insulation",Calcium Silicate Board,6 mm,Standard,sq ft,44.0,55.0,66.0,55.56,0.05,0.18,2026-08-12,Derived estimating rate,NO,,,https://infralens.in/prices/interiors/hyderabad
HYD26-0204,"Roofing, Ceiling & Insulation",Cement Fibre Board,8 mm,Standard,sq ft,38.4,48.0,57.6,48.48,0.05,0.18,2026-08-12,Derived estimating rate,NO,,,https://infralens.in/prices/interiors/hyderabad
HYD26-0205,"Roofing, Ceiling & Insulation",GI Ceiling Channel,Framework,Standard,rmt,33.6,42.0,50.4,42.42,0.05,0.18,2026-08-12,Derived estimating rate,NO,,,https://infralens.in/prices/interiors/hyderabad
HYD26-0206,"Roofing, Ceiling & Insulation",Mineral Fibre Ceiling Tile,600×600,Standard,sq ft,84.0,105.0,126.0,106.06,0.05,0.18,2026-08-12,Derived estimating rate,NO,,,https://infralens.in/prices/interiors/hyderabad
HYD26-0207,"Roofing, Ceiling & Insulation",PVC Ceiling Panel,8–10 mm,Standard,sq ft,68.0,85.0,102.0,85.86,0.05,0.18,2026-08-12,Derived estimating rate,NO,,,https://infralens.in/prices/interiors/hyderabad
HYD26-0208,"Roofing, Ceiling & Insulation",Galvalume Roofing Sheet,0.50 mm,Standard,sq ft,41.6,52.0,62.4,52.53,0.05,0.18,2026-08-12,Derived estimating rate,NO,,,https://infralens.in/prices/interiors/hyderabad
HYD26-0209,"Roofing, Ceiling & Insulation",Polycarbonate Sheet,6 mm multiwall,Standard,sq ft,104.0,130.0,156.0,131.31,0.05,0.18,2026-08-12,Derived estimating rate,NO,,,https://infralens.in/prices/interiors/hyderabad
HYD26-0210,"Roofing, Ceiling & Insulation",PUF Sandwich Panel,50 mm,Standard,sq ft,152.0,190.0,228.0,191.92,0.05,0.18,2026-08-12,Derived estimating rate,YES,,,https://infralens.in/prices/interiors/hyderabad
HYD26-0211,"Roofing, Ceiling & Insulation",Rockwool,50 mm 48 kg/m³,Standard,sq ft,60.0,75.0,90.0,75.76,0.05,0.18,2026-08-12,Derived estimating rate,NO,,,https://infralens.in/prices/interiors/hyderabad
HYD26-0212,"Roofing, Ceiling & Insulation",Glass Wool,50 mm,Standard,sq ft,44.0,55.0,66.0,55.56,0.05,0.18,2026-08-12,Derived estimating rate,NO,,,https://infralens.in/prices/interiors/hyderabad
HYD26-0213,"Roofing, Ceiling & Insulation",XPS Board,50 mm,Standard,sq ft,76.0,95.0,114.0,95.96,0.05,0.18,2026-08-12,Derived estimating rate,NO,,,https://infralens.in/prices/interiors/hyderabad
HYD26-0214,Special & Premium Materials,Epoxy Flooring,Industrial 1–2 mm installed,Standard,sq ft,63.0,105.0,147.0,105.0,0.1,0.18,2026-08-12,Derived estimating rate,YES,,Specialist/vendor quotation recommended; estimating allowance only.,https://infralens.in/prices
HYD26-0215,Special & Premium Materials,Self-leveling Epoxy,3 mm installed,Standard,sq ft,108.0,180.0,252.0,180.0,0.1,0.18,2026-08-12,Derived estimating rate,YES,,Specialist/vendor quotation recommended; estimating allowance only.,https://infralens.in/prices
HYD26-0216,Special & Premium Materials,Metallic Epoxy,Decorative,Standard,sq ft,192.0,320.0,448.0,320.0,0.1,0.18,2026-08-12,Derived estimating rate,YES,,Specialist/vendor quotation recommended; estimating allowance only.,https://infralens.in/prices
HYD26-0217,Special & Premium Materials,Microcement,Decorative topping,Standard,sq ft,195.0,325.0,455.0,325.0,0.1,0.18,2026-08-12,Derived estimating rate,YES,,Specialist/vendor quotation recommended; estimating allowance only.,https://infralens.in/prices
HYD26-0218,Special & Premium Materials,Engineered Wood Flooring,Mid-range,Standard,sq ft,270.0,450.0,630.0,450.0,0.1,0.18,2026-08-12,Derived estimating rate,YES,,Specialist/vendor quotation recommended; estimating allowance only.,https://infralens.in/prices
HYD26-0219,Special & Premium Materials,Solid Hardwood Flooring,Premium,Standard,sq ft,540.0,900.0,1260.0,900.0,0.1,0.18,2026-08-12,Derived estimating rate,YES,,Specialist/vendor quotation recommended; estimating allowance only.,https://infralens.in/prices
HYD26-0220,Special & Premium Materials,Exterior HPL,Panel supply,Standard,sq ft,252.0,420.0,588.0,420.0,0.1,0.18,2026-08-12,Derived estimating rate,YES,,Specialist/vendor quotation recommended; estimating allowance only.,https://infralens.in/prices
HYD26-0221,Special & Premium Materials,Exterior HPL,Installed facade,Standard,sq ft,480.0,800.0,1120.0,800.0,0.1,0.18,2026-08-12,Derived estimating rate,YES,,Specialist/vendor quotation recommended; estimating allowance only.,https://infralens.in/prices
HYD26-0222,Special & Premium Materials,PET Acoustic Panel,9–12 mm,Standard,sq ft,51.0,85.0,119.0,85.0,0.1,0.18,2026-08-12,Derived estimating rate,YES,,Specialist/vendor quotation recommended; estimating allowance only.,https://infralens.in/prices
HYD26-0223,Special & Premium Materials,Wood Wool Acoustic,25 mm,Standard,sq ft,72.0,120.0,168.0,120.0,0.1,0.18,2026-08-12,Derived estimating rate,YES,,Specialist/vendor quotation recommended; estimating allowance only.,https://infralens.in/prices
HYD26-0224,Special & Premium Materials,Slatted Wood Acoustic,Felt backed,Standard,sq ft,114.0,190.0,266.0,190.0,0.1,0.18,2026-08-12,Derived estimating rate,YES,,Specialist/vendor quotation recommended; estimating allowance only.,https://infralens.in/prices
HYD26-0225,Special & Premium Materials,Fabric Acoustic Panel,50 mm,Standard,sq ft,108.0,180.0,252.0,180.0,0.1,0.18,2026-08-12,Derived estimating rate,YES,,Specialist/vendor quotation recommended; estimating allowance only.,https://infralens.in/prices
HYD26-0226,Special & Premium Materials,Terracotta Facade,Ventilated system,Standard,sq ft,495.0,825.0,1155.0,825.0,0.1,0.18,2026-08-12,Derived estimating rate,YES,,Specialist/vendor quotation recommended; estimating allowance only.,https://infralens.in/prices
HYD26-0227,Special & Premium Materials,GRC Facade Panel,Custom,Standard,sq ft,330.0,550.0,770.0,550.0,0.1,0.18,2026-08-12,Derived estimating rate,YES,,Specialist/vendor quotation recommended; estimating allowance only.,https://infralens.in/prices
HYD26-0228,Special & Premium Materials,GFRC Panel,Architectural,Standard,sq ft,420.0,700.0,980.0,700.0,0.1,0.18,2026-08-12,Derived estimating rate,YES,,Specialist/vendor quotation recommended; estimating allowance only.,https://infralens.in/prices
HYD26-0229,Special & Premium Materials,Solid Surface,12 mm,Standard,sq ft,510.0,850.0,1190.0,850.0,0.1,0.18,2026-08-12,Derived estimating rate,YES,,Specialist/vendor quotation recommended; estimating allowance only.,https://infralens.in/prices
HYD26-0230,Special & Premium Materials,Imported Solid Surface,Luxury,Standard,sq ft,1320.0,2200.0,3080.0,2200.0,0.1,0.18,2026-08-12,Derived estimating rate,YES,,Specialist/vendor quotation recommended; estimating allowance only.,https://infralens.in/prices
HYD26-0231,Special & Premium Materials,Nano Glass Countertop,15–18 mm,Standard,sq ft,390.0,650.0,910.0,650.0,0.1,0.18,2026-08-12,Derived estimating rate,YES,,Specialist/vendor quotation recommended; estimating allowance only.,https://infralens.in/prices
HYD26-0232,Special & Premium Materials,Compact Laminate,12 mm,Standard,sq ft,270.0,450.0,630.0,450.0,0.1,0.18,2026-08-12,Derived estimating rate,YES,,Specialist/vendor quotation recommended; estimating allowance only.,https://infralens.in/prices
HYD26-0233,Special & Premium Materials,UHPC Panel,Architectural precast,Standard,sq ft,720.0,1200.0,1680.0,1200.0,0.1,0.18,2026-08-12,Derived estimating rate,YES,,Specialist/vendor quotation recommended; estimating allowance only.,https://infralens.in/prices
HYD26-0234,Special & Premium Materials,Corten Steel Cladding,Fabricated,Standard,sq ft,510.0,850.0,1190.0,850.0,0.1,0.18,2026-08-12,Derived estimating rate,YES,,Specialist/vendor quotation recommended; estimating allowance only.,https://infralens.in/prices
HYD26-0235,Special & Premium Materials,Perforated Aluminium Facade,Custom,Standard,sq ft,540.0,900.0,1260.0,900.0,0.1,0.18,2026-08-12,Derived estimating rate,YES,,Specialist/vendor quotation recommended; estimating allowance only.,https://infralens.in/prices
